抓取时间,第几次,航线,出发日期,航空公司,出发时间,到达时间,飞行时长_分钟,中转次数,价格_USD,本次最低价_USD
2026-04-30 07:01:18,1,PEK→JFK,2026-07-01,Asiana Airlines,2026-07-01 15:30,2026-07-01 23:00,1170,1,649,649
2026-04-30 07:01:18,1,PEK→JFK,2026-07-01,Emirates,2026-07-01 00:40,2026-07-01 14:25,1545,1,842,649
2026-04-30 07:01:18,1,PEK→JFK,2026-07-01,Cathay Pacific,2026-07-01 03:15,2026-07-01 13:10,1315,1,1038,649
2026-04-30 07:01:18,1,PEK→JFK,2026-07-01,Emirates,2026-07-01 07:25,2026-07-02 08:50,2245,1,760,649
2026-04-30 07:01:18,1,PEK→JFK,2026-07-01,Asiana Airlines,2026-07-01 17:10,2026-07-02 10:00,1730,1,852,649
2026-04-30 07:01:18,1,PEK→JFK,2026-07-01,Korean Air,2026-07-01 01:30,2026-07-01 23:00,2010,1,888,649
2026-04-30 07:01:18,1,PEK→JFK,2026-07-01,Korean Air,2026-07-01 01:30,2026-07-01 10:00,1230,1,1016,649
2026-04-30 07:01:18,1,PEK→JFK,2026-07-01,Cathay Pacific,2026-07-01 10:00,2026-07-01 20:35,1355,1,1038,649
2026-04-30 07:01:18,1,PEK→JFK,2026-07-01,Cathay Pacific,2026-07-01 19:40,2026-07-02 06:00,1340,1,1038,649
2026-04-30 07:01:18,1,PEK→JFK,2026-07-01,Turkish Airlines,2026-07-01 06:45,2026-07-01 17:55,1390,1,1051,649
2026-04-30 07:01:18,1,PEK→JFK,2026-07-01,Korean Air,2026-07-01 13:30,2026-07-01 21:00,1170,1,1313,649
2026-04-30 10:12:53,2,PEK→JFK,2026-07-01,Asiana Airlines,2026-07-01 15:30,2026-07-01 23:00,1170,1,649,649
2026-04-30 10:12:53,2,PEK→JFK,2026-07-01,Asiana Airlines,2026-07-01 17:10,2026-07-02 10:00,1730,1,659,649
2026-04-30 10:12:53,2,PEK→JFK,2026-07-01,Emirates,2026-07-01 00:40,2026-07-01 14:25,1545,1,842,649
2026-04-30 10:12:53,2,PEK→JFK,2026-07-01,Cathay Pacific,2026-07-01 03:15,2026-07-01 13:10,1315,1,1038,649
2026-04-30 10:12:53,2,PEK→JFK,2026-07-01,Korean Air,2026-07-01 01:30,2026-07-01 23:00,2010,1,888,649
2026-04-30 10:12:53,2,PEK→JFK,2026-07-01,Korean Air,2026-07-01 01:30,2026-07-01 10:00,1230,1,1016,649
2026-04-30 10:12:53,2,PEK→JFK,2026-07-01,Cathay Pacific,2026-07-01 10:00,2026-07-01 20:35,1355,1,1038,649
2026-04-30 10:12:53,2,PEK→JFK,2026-07-01,Cathay Pacific,2026-07-01 19:40,2026-07-02 06:00,1340,1,1038,649
2026-04-30 10:12:53,2,PEK→JFK,2026-07-01,Korean Air,2026-07-01 13:30,2026-07-01 21:00,1170,1,1114,649
2026-04-30 12:18:47,3,PEK→JFK,2026-07-01,Asiana Airlines,2026-07-01 15:30,2026-07-01 23:00,1170,1,649,649
2026-04-30 12:18:47,3,PEK→JFK,2026-07-01,Asiana Airlines,2026-07-01 17:10,2026-07-02 10:00,1730,1,659,649
2026-04-30 12:18:47,3,PEK→JFK,2026-07-01,Emirates,2026-07-01 00:40,2026-07-01 14:25,1545,1,842,649
2026-04-30 12:18:47,3,PEK→JFK,2026-07-01,Cathay Pacific,2026-07-01 03:15,2026-07-01 13:10,1315,1,1038,649
2026-04-30 12:18:47,3,PEK→JFK,2026-07-01,Korean Air,2026-07-01 01:30,2026-07-01 23:00,2010,1,888,649
2026-04-30 12:18:47,3,PEK→JFK,2026-07-01,Korean Air,2026-07-01 01:30,2026-07-01 10:00,1230,1,1016,649
2026-04-30 12:18:47,3,PEK→JFK,2026-07-01,Cathay Pacific,2026-07-01 10:00,2026-07-01 20:35,1355,1,1038,649
2026-04-30 12:18:47,3,PEK→JFK,2026-07-01,Cathay Pacific,2026-07-01 19:40,2026-07-02 06:00,1340,1,1038,649
2026-04-30 12:18:47,3,PEK→JFK,2026-07-01,Korean Air,2026-07-01 13:30,2026-07-01 21:00,1170,1,1114,649
2026-04-30 15:16:08,4,PEK→JFK,2026-07-01,Asiana Airlines,2026-07-01 15:30,2026-07-01 23:00,1170,1,649,649
2026-04-30 15:16:08,4,PEK→JFK,2026-07-01,Asiana Airlines,2026-07-01 17:10,2026-07-02 10:00,1730,1,659,649
2026-04-30 15:16:08,4,PEK→JFK,2026-07-01,Emirates,2026-07-01 00:40,2026-07-01 14:25,1545,1,842,649
2026-04-30 15:16:08,4,PEK→JFK,2026-07-01,Cathay Pacific,2026-07-01 03:15,2026-07-01 13:10,1315,1,1038,649
2026-04-30 15:16:08,4,PEK→JFK,2026-07-01,Korean Air,2026-07-01 01:30,2026-07-01 23:00,2010,1,888,649
2026-04-30 15:16:08,4,PEK→JFK,2026-07-01,Korean Air,2026-07-01 01:30,2026-07-01 10:00,1230,1,1016,649
2026-04-30 15:16:08,4,PEK→JFK,2026-07-01,Cathay Pacific,2026-07-01 10:00,2026-07-01 20:35,1355,1,1038,649
2026-04-30 15:16:08,4,PEK→JFK,2026-07-01,Cathay Pacific,2026-07-01 19:40,2026-07-02 06:00,1340,1,1038,649
2026-04-30 15:16:08,4,PEK→JFK,2026-07-01,Korean Air,2026-07-01 13:30,2026-07-01 21:00,1170,1,1114,649
2026-04-30 17:27:49,5,PEK→JFK,2026-07-01,Asiana Airlines,2026-07-01 15:30,2026-07-01 23:00,1170,1,650,650
2026-04-30 17:27:49,5,PEK→JFK,2026-07-01,Asiana Airlines,2026-07-01 17:10,2026-07-02 10:00,1730,1,660,650
2026-04-30 17:27:49,5,PEK→JFK,2026-07-01,Emirates,2026-07-01 00:40,2026-07-01 14:25,1545,1,843,650
2026-04-30 17:27:49,5,PEK→JFK,2026-07-01,Cathay Pacific,2026-07-01 03:15,2026-07-01 13:10,1315,1,1040,650
2026-04-30 17:27:49,5,PEK→JFK,2026-07-01,Korean Air,2026-07-01 01:30,2026-07-01 23:00,2010,1,889,650
2026-04-30 17:27:49,5,PEK→JFK,2026-07-01,Korean Air,2026-07-01 01:30,2026-07-01 10:00,1230,1,1018,650
2026-04-30 17:27:49,5,PEK→JFK,2026-07-01,Cathay Pacific,2026-07-01 10:00,2026-07-01 20:35,1355,1,1040,650
2026-04-30 17:27:49,5,PEK→JFK,2026-07-01,Cathay Pacific,2026-07-01 19:40,2026-07-02 06:00,1340,1,1040,650
2026-04-30 17:27:49,5,PEK→JFK,2026-07-01,Korean Air,2026-07-01 13:30,2026-07-01 21:00,1170,1,1116,650
2026-04-30 19:43:08,6,PEK→JFK,2026-07-01,Asiana Airlines,2026-07-01 15:30,2026-07-01 23:00,1170,1,650,650
2026-04-30 19:43:08,6,PEK→JFK,2026-07-01,Asiana Airlines,2026-07-01 17:10,2026-07-02 10:00,1730,1,660,650
2026-04-30 19:43:08,6,PEK→JFK,2026-07-01,Emirates,2026-07-01 00:40,2026-07-01 14:25,1545,1,843,650
2026-04-30 19:43:08,6,PEK→JFK,2026-07-01,Korean Air,2026-07-01 13:30,2026-07-01 21:00,1170,1,1003,650
2026-04-30 19:43:08,6,PEK→JFK,2026-07-01,Cathay Pacific,2026-07-01 03:15,2026-07-01 13:10,1315,1,1040,650
2026-04-30 19:43:08,6,PEK→JFK,2026-07-01,Emirates,2026-07-01 07:25,2026-07-02 08:50,2245,1,761,650
2026-04-30 19:43:08,6,PEK→JFK,2026-07-01,Korean Air,2026-07-01 01:30,2026-07-01 21:00,1890,1,855,650
2026-04-30 19:43:08,6,PEK→JFK,2026-07-01,Cathay Pacific,2026-07-01 10:00,2026-07-01 20:35,1355,1,1040,650
2026-04-30 19:43:08,6,PEK→JFK,2026-07-01,Cathay Pacific,2026-07-01 19:40,2026-07-02 06:00,1340,1,1040,650
2026-04-30 21:08:34,7,PEK→JFK,2026-07-01,Asiana Airlines,2026-07-01 15:30,2026-07-01 23:00,1170,1,650,650
2026-04-30 21:08:34,7,PEK→JFK,2026-07-01,Asiana Airlines,2026-07-01 17:10,2026-07-02 10:00,1730,1,660,650
2026-04-30 21:08:34,7,PEK→JFK,2026-07-01,Emirates,2026-07-01 00:40,2026-07-01 14:25,1545,1,843,650
2026-04-30 21:08:34,7,PEK→JFK,2026-07-01,Korean Air,2026-07-01 13:30,2026-07-01 21:00,1170,1,1003,650
2026-04-30 21:08:34,7,PEK→JFK,2026-07-01,Cathay Pacific,2026-07-01 03:15,2026-07-01 13:10,1315,1,1040,650
2026-04-30 21:08:34,7,PEK→JFK,2026-07-01,Korean Air,2026-07-01 01:30,2026-07-01 21:00,1890,1,855,650
2026-04-30 21:08:34,7,PEK→JFK,2026-07-01,Cathay Pacific,2026-07-01 10:00,2026-07-01 20:35,1355,1,1040,650
2026-04-30 21:08:34,7,PEK→JFK,2026-07-01,Cathay Pacific,2026-07-01 19:40,2026-07-02 06:00,1340,1,1040,650
2026-04-30 22:58:58,8,PEK→JFK,2026-07-01,Asiana Airlines,2026-07-01 15:30,2026-07-01 23:00,1170,1,650,650
2026-04-30 22:58:58,8,PEK→JFK,2026-07-01,Asiana Airlines,2026-07-01 17:10,2026-07-02 10:00,1730,1,660,650
2026-04-30 22:58:58,8,PEK→JFK,2026-07-01,Emirates,2026-07-01 00:40,2026-07-01 14:25,1545,1,843,650
2026-04-30 22:58:58,8,PEK→JFK,2026-07-01,Korean Air,2026-07-01 13:30,2026-07-01 21:00,1170,1,1003,650
2026-04-30 22:58:58,8,PEK→JFK,2026-07-01,Cathay Pacific,2026-07-01 03:15,2026-07-01 13:10,1315,1,1040,650
2026-04-30 22:58:58,8,PEK→JFK,2026-07-01,Korean Air,2026-07-01 01:30,2026-07-01 21:00,1890,1,855,650
2026-04-30 22:58:58,8,PEK→JFK,2026-07-01,Cathay Pacific,2026-07-01 10:00,2026-07-01 20:35,1355,1,1040,650
2026-04-30 22:58:58,8,PEK→JFK,2026-07-01,Cathay Pacific,2026-07-01 19:40,2026-07-02 06:00,1340,1,1040,650
2026-05-01 00:00:26,9,PEK→JFK,2026-07-01,Asiana Airlines,2026-07-01 15:30,2026-07-01 23:00,1170,1,650,650
2026-05-01 00:00:26,9,PEK→JFK,2026-07-01,Asiana Airlines,2026-07-01 17:10,2026-07-02 10:00,1730,1,660,650
2026-05-01 00:00:26,9,PEK→JFK,2026-07-01,Emirates,2026-07-01 00:40,2026-07-01 14:25,1545,1,843,650
2026-05-01 00:00:26,9,PEK→JFK,2026-07-01,Korean Air,2026-07-01 13:30,2026-07-01 21:00,1170,1,1003,650
2026-05-01 00:00:26,9,PEK→JFK,2026-07-01,Cathay Pacific,2026-07-01 03:15,2026-07-01 13:10,1315,1,1040,650
2026-05-01 00:00:26,9,PEK→JFK,2026-07-01,Korean Air,2026-07-01 01:30,2026-07-01 21:00,1890,1,855,650
2026-05-01 00:00:26,9,PEK→JFK,2026-07-01,Cathay Pacific,2026-07-01 10:00,2026-07-01 20:35,1355,1,1040,650
2026-05-01 00:00:26,9,PEK→JFK,2026-07-01,Cathay Pacific,2026-07-01 19:40,2026-07-02 06:00,1340,1,1040,650
2026-05-01 04:53:08,10,PEK→JFK,2026-07-01,Asiana Airlines,2026-07-01 15:30,2026-07-01 23:00,1170,1,650,650
2026-05-01 04:53:08,10,PEK→JFK,2026-07-01,Asiana Airlines,2026-07-01 17:10,2026-07-02 10:00,1730,1,660,650
2026-05-01 04:53:08,10,PEK→JFK,2026-07-01,Emirates,2026-07-01 00:40,2026-07-01 14:25,1545,1,843,650
2026-05-01 04:53:08,10,PEK→JFK,2026-07-01,Korean Air,2026-07-01 13:30,2026-07-01 21:00,1170,1,1003,650
2026-05-01 04:53:08,10,PEK→JFK,2026-07-01,Cathay Pacific,2026-07-01 03:15,2026-07-01 13:10,1315,1,1040,650
2026-05-01 04:53:08,10,PEK→JFK,2026-07-01,Korean Air,2026-07-01 01:30,2026-07-01 21:00,1890,1,855,650
2026-05-01 04:53:08,10,PEK→JFK,2026-07-01,Cathay Pacific,2026-07-01 10:00,2026-07-01 20:35,1355,1,1040,650
2026-05-01 04:53:08,10,PEK→JFK,2026-07-01,Cathay Pacific,2026-07-01 19:40,2026-07-02 06:00,1340,1,1040,650
2026-05-01 07:29:32,11,PEK→JFK,2026-07-01,Asiana Airlines,2026-07-01 15:30,2026-07-01 23:00,1170,1,650,650
2026-05-01 07:29:32,11,PEK→JFK,2026-07-01,Asiana Airlines,2026-07-01 17:10,2026-07-02 10:00,1730,1,660,650
2026-05-01 07:29:32,11,PEK→JFK,2026-07-01,Emirates,2026-07-01 00:40,2026-07-01 14:25,1545,1,843,650
2026-05-01 07:29:32,11,PEK→JFK,2026-07-01,Korean Air,2026-07-01 13:30,2026-07-01 21:00,1170,1,1003,650
2026-05-01 07:29:32,11,PEK→JFK,2026-07-01,Cathay Pacific,2026-07-01 03:15,2026-07-01 13:10,1315,1,1040,650
2026-05-01 07:29:32,11,PEK→JFK,2026-07-01,Korean Air,2026-07-01 01:30,2026-07-01 21:00,1890,1,855,650
2026-05-01 07:29:32,11,PEK→JFK,2026-07-01,Cathay Pacific,2026-07-01 10:00,2026-07-01 20:35,1355,1,1040,650
2026-05-01 07:29:32,11,PEK→JFK,2026-07-01,Cathay Pacific,2026-07-01 19:40,2026-07-02 06:00,1340,1,1040,650
2026-05-01 09:53:15,12,PEK→JFK,2026-07-01,Asiana Airlines,2026-07-01 15:30,2026-07-01 23:00,1170,1,650,650
2026-05-01 09:53:15,12,PEK→JFK,2026-07-01,Asiana Airlines,2026-07-01 17:10,2026-07-02 10:00,1730,1,660,650
2026-05-01 09:53:15,12,PEK→JFK,2026-07-01,Emirates,2026-07-01 00:40,2026-07-01 14:25,1545,1,843,650
2026-05-01 09:53:15,12,PEK→JFK,2026-07-01,Korean Air,2026-07-01 13:30,2026-07-01 21:00,1170,1,1003,650
2026-05-01 09:53:15,12,PEK→JFK,2026-07-01,Cathay Pacific,2026-07-01 03:15,2026-07-01 13:10,1315,1,1040,650
2026-05-01 09:53:15,12,PEK→JFK,2026-07-01,Korean Air,2026-07-01 01:30,2026-07-01 21:00,1890,1,855,650
2026-05-01 09:53:15,12,PEK→JFK,2026-07-01,Cathay Pacific,2026-07-01 10:00,2026-07-01 20:35,1355,1,1040,650
2026-05-01 09:53:15,12,PEK→JFK,2026-07-01,Cathay Pacific,2026-07-01 19:40,2026-07-02 06:00,1340,1,1040,650
2026-05-01 11:14:02,13,PEK→JFK,2026-07-01,Asiana Airlines,2026-07-01 15:30,2026-07-01 23:00,1170,1,650,650
2026-05-01 11:14:02,13,PEK→JFK,2026-07-01,Asiana Airlines,2026-07-01 17:10,2026-07-02 10:00,1730,1,660,650
2026-05-01 11:14:02,13,PEK→JFK,2026-07-01,Emirates,2026-07-01 00:40,2026-07-01 14:25,1545,1,843,650
2026-05-01 11:14:02,13,PEK→JFK,2026-07-01,Korean Air,2026-07-01 13:30,2026-07-01 21:00,1170,1,1003,650
2026-05-01 11:14:02,13,PEK→JFK,2026-07-01,Cathay Pacific,2026-07-01 03:15,2026-07-01 13:10,1315,1,1040,650
2026-05-01 11:14:02,13,PEK→JFK,2026-07-01,Korean Air,2026-07-01 01:30,2026-07-01 21:00,1890,1,855,650
2026-05-01 11:14:02,13,PEK→JFK,2026-07-01,Cathay Pacific,2026-07-01 10:00,2026-07-01 20:35,1355,1,1040,650
2026-05-01 11:14:02,13,PEK→JFK,2026-07-01,Cathay Pacific,2026-07-01 19:40,2026-07-02 06:00,1340,1,1040,650
2026-05-01 13:43:14,14,PEK→JFK,2026-07-01,Asiana Airlines,2026-07-01 15:30,2026-07-01 23:00,1170,1,650,650
2026-05-01 13:43:14,14,PEK→JFK,2026-07-01,Asiana Airlines,2026-07-01 17:10,2026-07-02 10:00,1730,1,660,650
2026-05-01 13:43:14,14,PEK→JFK,2026-07-01,Emirates,2026-07-01 00:40,2026-07-01 14:25,1545,1,843,650
2026-05-01 13:43:14,14,PEK→JFK,2026-07-01,Korean Air,2026-07-01 13:30,2026-07-01 21:00,1170,1,1003,650
2026-05-01 13:43:14,14,PEK→JFK,2026-07-01,Cathay Pacific,2026-07-01 03:15,2026-07-01 13:10,1315,1,1040,650
2026-05-01 13:43:14,14,PEK→JFK,2026-07-01,Korean Air,2026-07-01 01:30,2026-07-01 21:00,1890,1,855,650
2026-05-01 13:43:14,14,PEK→JFK,2026-07-01,Cathay Pacific,2026-07-01 10:00,2026-07-01 20:35,1355,1,1040,650
2026-05-01 13:43:14,14,PEK→JFK,2026-07-01,Cathay Pacific,2026-07-01 19:40,2026-07-02 06:00,1340,1,1040,650
2026-05-01 15:03:21,15,PEK→JFK,2026-07-01,Asiana Airlines,2026-07-01 15:30,2026-07-01 23:00,1170,1,650,650
2026-05-01 15:03:21,15,PEK→JFK,2026-07-01,Asiana Airlines,2026-07-01 17:10,2026-07-02 10:00,1730,1,660,650
2026-05-01 15:03:21,15,PEK→JFK,2026-07-01,Emirates,2026-07-01 00:40,2026-07-01 14:25,1545,1,843,650
2026-05-01 15:03:21,15,PEK→JFK,2026-07-01,Korean Air,2026-07-01 13:30,2026-07-01 21:00,1170,1,1003,650
2026-05-01 15:03:21,15,PEK→JFK,2026-07-01,Cathay Pacific,2026-07-01 03:15,2026-07-01 13:10,1315,1,1040,650
2026-05-01 15:03:21,15,PEK→JFK,2026-07-01,Korean Air,2026-07-01 01:30,2026-07-01 21:00,1890,1,855,650
2026-05-01 15:03:21,15,PEK→JFK,2026-07-01,Cathay Pacific,2026-07-01 10:00,2026-07-01 20:35,1355,1,1040,650
2026-05-01 15:03:21,15,PEK→JFK,2026-07-01,Cathay Pacific,2026-07-01 19:40,2026-07-02 06:00,1340,1,1040,650
2026-05-01 17:04:39,16,PEK→JFK,2026-07-01,Asiana Airlines,2026-07-01 15:30,2026-07-01 23:00,1170,1,650,650
2026-05-01 17:04:39,16,PEK→JFK,2026-07-01,Asiana Airlines,2026-07-01 17:10,2026-07-02 10:00,1730,1,660,650
2026-05-01 17:04:39,16,PEK→JFK,2026-07-01,Emirates,2026-07-01 00:40,2026-07-01 14:25,1545,1,843,650
2026-05-01 17:04:39,16,PEK→JFK,2026-07-01,Korean Air,2026-07-01 13:30,2026-07-01 21:00,1170,1,1003,650
2026-05-01 17:04:39,16,PEK→JFK,2026-07-01,Cathay Pacific,2026-07-01 03:15,2026-07-01 13:10,1315,1,1040,650
2026-05-01 17:04:39,16,PEK→JFK,2026-07-01,Korean Air,2026-07-01 01:30,2026-07-01 21:00,1890,1,855,650
2026-05-01 17:04:39,16,PEK→JFK,2026-07-01,Cathay Pacific,2026-07-01 10:00,2026-07-01 20:35,1355,1,1040,650
2026-05-01 17:04:39,16,PEK→JFK,2026-07-01,Cathay Pacific,2026-07-01 19:40,2026-07-02 06:00,1340,1,1040,650
2026-05-01 19:21:23,17,PEK→JFK,2026-07-01,Asiana Airlines,2026-07-01 15:30,2026-07-01 23:00,1170,1,650,650
2026-05-01 19:21:23,17,PEK→JFK,2026-07-01,Asiana Airlines,2026-07-01 17:10,2026-07-02 10:00,1730,1,660,650
2026-05-01 19:21:23,17,PEK→JFK,2026-07-01,Emirates,2026-07-01 00:40,2026-07-01 14:25,1545,1,843,650
2026-05-01 19:21:23,17,PEK→JFK,2026-07-01,Korean Air,2026-07-01 13:30,2026-07-01 21:00,1170,1,1003,650
2026-05-01 19:21:23,17,PEK→JFK,2026-07-01,Cathay Pacific,2026-07-01 03:15,2026-07-01 13:10,1315,1,1040,650
2026-05-01 19:21:23,17,PEK→JFK,2026-07-01,Korean Air,2026-07-01 01:30,2026-07-01 23:00,2010,1,866,650
2026-05-01 19:21:23,17,PEK→JFK,2026-07-01,Korean Air,2026-07-01 01:30,2026-07-01 10:00,1230,1,1018,650
2026-05-01 19:21:23,17,PEK→JFK,2026-07-01,Cathay Pacific,2026-07-01 10:00,2026-07-01 20:35,1355,1,1040,650
2026-05-01 19:21:23,17,PEK→JFK,2026-07-01,Cathay Pacific,2026-07-01 19:40,2026-07-02 06:00,1340,1,1040,650
2026-05-01 21:01:07,18,PEK→JFK,2026-07-01,Asiana Airlines,2026-07-01 15:30,2026-07-01 23:00,1170,1,650,650
2026-05-01 21:01:07,18,PEK→JFK,2026-07-01,Asiana Airlines,2026-07-01 17:10,2026-07-02 10:00,1730,1,660,650
2026-05-01 21:01:07,18,PEK→JFK,2026-07-01,Emirates,2026-07-01 00:40,2026-07-01 14:25,1545,1,843,650
2026-05-01 21:01:07,18,PEK→JFK,2026-07-01,Korean Air,2026-07-01 13:30,2026-07-01 21:00,1170,1,1003,650
2026-05-01 21:01:07,18,PEK→JFK,2026-07-01,Cathay Pacific,2026-07-01 03:15,2026-07-01 13:10,1315,1,1040,650
2026-05-01 21:01:07,18,PEK→JFK,2026-07-01,Korean Air,2026-07-01 01:30,2026-07-01 23:00,2010,1,889,650
2026-05-01 21:01:07,18,PEK→JFK,2026-07-01,Cathay Pacific,2026-07-01 10:00,2026-07-01 20:35,1355,1,1040,650
2026-05-01 21:01:07,18,PEK→JFK,2026-07-01,Cathay Pacific,2026-07-01 19:40,2026-07-02 06:00,1340,1,1040,650
2026-05-01 21:01:07,18,PEK→JFK,2026-07-01,Korean Air,2026-07-01 01:30,2026-07-01 10:00,1230,1,1041,650
2026-05-01 22:55:37,19,PEK→JFK,2026-07-01,Asiana Airlines,2026-07-01 15:30,2026-07-01 23:00,1170,1,650,650
2026-05-01 22:55:37,19,PEK→JFK,2026-07-01,Asiana Airlines,2026-07-01 17:10,2026-07-02 10:00,1730,1,660,650
2026-05-01 22:55:37,19,PEK→JFK,2026-07-01,Emirates,2026-07-01 00:40,2026-07-01 14:25,1545,1,843,650
2026-05-01 22:55:37,19,PEK→JFK,2026-07-01,Korean Air,2026-07-01 13:30,2026-07-01 21:00,1170,1,1003,650
2026-05-01 22:55:37,19,PEK→JFK,2026-07-01,Cathay Pacific,2026-07-01 03:15,2026-07-01 13:10,1315,1,1040,650
2026-05-01 22:55:37,19,PEK→JFK,2026-07-01,Korean Air,2026-07-01 01:30,2026-07-01 23:00,2010,1,889,650
2026-05-01 22:55:37,19,PEK→JFK,2026-07-01,Korean Air,2026-07-01 01:30,2026-07-01 10:00,1230,1,1018,650
2026-05-01 22:55:37,19,PEK→JFK,2026-07-01,Cathay Pacific,2026-07-01 10:00,2026-07-01 20:35,1355,1,1040,650
2026-05-01 22:55:37,19,PEK→JFK,2026-07-01,Cathay Pacific,2026-07-01 19:40,2026-07-02 06:00,1340,1,1040,650
2026-05-01 23:57:29,20,PEK→JFK,2026-07-01,Asiana Airlines,2026-07-01 15:30,2026-07-01 23:00,1170,1,650,650
2026-05-01 23:57:29,20,PEK→JFK,2026-07-01,Asiana Airlines,2026-07-01 17:10,2026-07-02 10:00,1730,1,660,650
2026-05-01 23:57:29,20,PEK→JFK,2026-07-01,Emirates,2026-07-01 00:40,2026-07-01 14:25,1545,1,843,650
2026-05-01 23:57:29,20,PEK→JFK,2026-07-01,Korean Air,2026-07-01 13:30,2026-07-01 21:00,1170,1,1003,650
2026-05-01 23:57:29,20,PEK→JFK,2026-07-01,Cathay Pacific,2026-07-01 03:15,2026-07-01 13:10,1315,1,1040,650
2026-05-01 23:57:29,20,PEK→JFK,2026-07-01,Korean Air,2026-07-01 01:30,2026-07-01 23:00,2010,1,889,650
2026-05-01 23:57:29,20,PEK→JFK,2026-07-01,Korean Air,2026-07-01 01:30,2026-07-01 10:00,1230,1,1018,650
2026-05-01 23:57:29,20,PEK→JFK,2026-07-01,Cathay Pacific,2026-07-01 10:00,2026-07-01 20:35,1355,1,1040,650
2026-05-01 23:57:29,20,PEK→JFK,2026-07-01,Cathay Pacific,2026-07-01 19:40,2026-07-02 06:00,1340,1,1040,650
2026-05-02 03:41:22,21,PEK→JFK,2026-07-01,Asiana Airlines,2026-07-01 15:30,2026-07-01 23:00,1170,1,650,650
2026-05-02 03:41:22,21,PEK→JFK,2026-07-01,Asiana Airlines,2026-07-01 17:10,2026-07-02 10:00,1730,1,660,650
2026-05-02 03:41:22,21,PEK→JFK,2026-07-01,Emirates,2026-07-01 00:40,2026-07-01 14:25,1545,1,843,650
2026-05-02 03:41:22,21,PEK→JFK,2026-07-01,Korean Air,2026-07-01 13:30,2026-07-01 21:00,1170,1,1003,650
2026-05-02 03:41:22,21,PEK→JFK,2026-07-01,Cathay Pacific,2026-07-01 03:15,2026-07-01 13:10,1315,1,1040,650
2026-05-02 03:41:22,21,PEK→JFK,2026-07-01,Korean Air,2026-07-01 01:30,2026-07-01 23:00,2010,1,889,650
2026-05-02 03:41:22,21,PEK→JFK,2026-07-01,Korean Air,2026-07-01 01:30,2026-07-01 10:00,1230,1,1018,650
2026-05-02 03:41:22,21,PEK→JFK,2026-07-01,Cathay Pacific,2026-07-01 10:00,2026-07-01 20:35,1355,1,1040,650
2026-05-02 03:41:22,21,PEK→JFK,2026-07-01,Cathay Pacific,2026-07-01 19:40,2026-07-02 06:00,1340,1,1040,650
2026-05-02 06:14:46,22,PEK→JFK,2026-07-01,Asiana Airlines,2026-07-01 15:30,2026-07-01 23:00,1170,1,650,650
2026-05-02 06:14:46,22,PEK→JFK,2026-07-01,Asiana Airlines,2026-07-01 17:10,2026-07-02 10:00,1730,1,660,650
2026-05-02 06:14:46,22,PEK→JFK,2026-07-01,Emirates,2026-07-01 00:40,2026-07-01 14:25,1545,1,843,650
2026-05-02 06:14:46,22,PEK→JFK,2026-07-01,Korean Air,2026-07-01 13:30,2026-07-01 21:00,1170,1,1003,650
2026-05-02 06:14:46,22,PEK→JFK,2026-07-01,Cathay Pacific,2026-07-01 03:15,2026-07-01 13:10,1315,1,1040,650
2026-05-02 06:14:46,22,PEK→JFK,2026-07-01,Korean Air,2026-07-01 01:30,2026-07-01 23:00,2010,1,889,650
2026-05-02 06:14:46,22,PEK→JFK,2026-07-01,Korean Air,2026-07-01 01:30,2026-07-01 10:00,1230,1,1018,650
2026-05-02 06:14:46,22,PEK→JFK,2026-07-01,Cathay Pacific,2026-07-01 10:00,2026-07-01 20:35,1355,1,1040,650
2026-05-02 06:14:46,22,PEK→JFK,2026-07-01,Cathay Pacific,2026-07-01 19:40,2026-07-02 06:00,1340,1,1040,650
2026-05-02 08:24:49,23,PEK→JFK,2026-07-01,Asiana Airlines,2026-07-01 15:30,2026-07-01 23:00,1170,1,650,650
2026-05-02 08:24:49,23,PEK→JFK,2026-07-01,Asiana Airlines,2026-07-01 17:10,2026-07-02 10:00,1730,1,660,650
2026-05-02 08:24:49,23,PEK→JFK,2026-07-01,Emirates,2026-07-01 00:40,2026-07-01 14:25,1545,1,843,650
2026-05-02 08:24:49,23,PEK→JFK,2026-07-01,Korean Air,2026-07-01 13:30,2026-07-01 21:00,1170,1,1003,650
2026-05-02 08:24:49,23,PEK→JFK,2026-07-01,Cathay Pacific,2026-07-01 03:15,2026-07-01 13:10,1315,1,1040,650
2026-05-02 08:24:49,23,PEK→JFK,2026-07-01,Korean Air,2026-07-01 01:30,2026-07-01 23:00,2010,1,889,650
2026-05-02 08:24:49,23,PEK→JFK,2026-07-01,Cathay Pacific,2026-07-01 10:00,2026-07-01 20:35,1355,1,1040,650
2026-05-02 08:24:49,23,PEK→JFK,2026-07-01,Cathay Pacific,2026-07-01 19:40,2026-07-02 06:00,1340,1,1040,650
2026-05-02 08:24:49,23,PEK→JFK,2026-07-01,Korean Air,2026-07-01 01:30,2026-07-01 10:00,1230,1,1041,650
2026-05-02 10:04:02,24,PEK→JFK,2026-07-01,Asiana Airlines,2026-07-01 15:30,2026-07-01 23:00,1170,1,650,650
2026-05-02 10:04:02,24,PEK→JFK,2026-07-01,Asiana Airlines,2026-07-01 17:10,2026-07-02 10:00,1730,1,660,650
2026-05-02 10:04:02,24,PEK→JFK,2026-07-01,Emirates,2026-07-01 00:40,2026-07-01 14:25,1545,1,843,650
2026-05-02 10:04:02,24,PEK→JFK,2026-07-01,Korean Air,2026-07-01 13:30,2026-07-01 21:00,1170,1,1003,650
2026-05-02 10:04:02,24,PEK→JFK,2026-07-01,Cathay Pacific,2026-07-01 03:15,2026-07-01 13:10,1315,1,1040,650
2026-05-02 10:04:02,24,PEK→JFK,2026-07-01,Korean Air,2026-07-01 01:30,2026-07-01 23:00,2010,1,889,650
2026-05-02 10:04:02,24,PEK→JFK,2026-07-01,Korean Air,2026-07-01 01:30,2026-07-01 10:00,1230,1,1018,650
2026-05-02 10:04:02,24,PEK→JFK,2026-07-01,Cathay Pacific,2026-07-01 10:00,2026-07-01 20:35,1355,1,1040,650
2026-05-02 10:04:02,24,PEK→JFK,2026-07-01,Cathay Pacific,2026-07-01 19:40,2026-07-02 06:00,1340,1,1040,650
2026-05-02 11:52:25,25,PEK→JFK,2026-07-01,Asiana Airlines,2026-07-01 15:30,2026-07-01 23:00,1170,1,650,650
2026-05-02 11:52:25,25,PEK→JFK,2026-07-01,Asiana Airlines,2026-07-01 17:10,2026-07-02 10:00,1730,1,660,650
2026-05-02 11:52:25,25,PEK→JFK,2026-07-01,Emirates,2026-07-01 00:40,2026-07-01 14:25,1545,1,843,650
2026-05-02 11:52:25,25,PEK→JFK,2026-07-01,Korean Air,2026-07-01 13:30,2026-07-01 21:00,1170,1,1003,650
2026-05-02 11:52:25,25,PEK→JFK,2026-07-01,Cathay Pacific,2026-07-01 03:15,2026-07-01 13:10,1315,1,1040,650
2026-05-02 11:52:25,25,PEK→JFK,2026-07-01,Korean Air,2026-07-01 01:30,2026-07-01 23:00,2010,1,889,650
2026-05-02 11:52:25,25,PEK→JFK,2026-07-01,Korean Air,2026-07-01 01:30,2026-07-01 10:00,1230,1,1018,650
2026-05-02 11:52:25,25,PEK→JFK,2026-07-01,Cathay Pacific,2026-07-01 10:00,2026-07-01 20:35,1355,1,1040,650
2026-05-02 11:52:25,25,PEK→JFK,2026-07-01,Cathay Pacific,2026-07-01 19:40,2026-07-02 06:00,1340,1,1040,650
2026-05-02 13:27:05,26,PEK→JFK,2026-07-01,Asiana Airlines,2026-07-01 15:30,2026-07-01 23:00,1170,1,650,650
2026-05-02 13:27:05,26,PEK→JFK,2026-07-01,Asiana Airlines,2026-07-01 17:10,2026-07-02 10:00,1730,1,660,650
2026-05-02 13:27:05,26,PEK→JFK,2026-07-01,Emirates,2026-07-01 00:40,2026-07-01 14:25,1545,1,843,650
2026-05-02 13:27:05,26,PEK→JFK,2026-07-01,Korean Air,2026-07-01 13:30,2026-07-01 21:00,1170,1,1003,650
2026-05-02 13:27:05,26,PEK→JFK,2026-07-01,Cathay Pacific,2026-07-01 03:15,2026-07-01 13:10,1315,1,1040,650
2026-05-02 13:27:05,26,PEK→JFK,2026-07-01,Korean Air,2026-07-01 01:30,2026-07-01 23:00,2010,1,889,650
2026-05-02 13:27:05,26,PEK→JFK,2026-07-01,Korean Air,2026-07-01 01:30,2026-07-01 10:00,1230,1,1018,650
2026-05-02 13:27:05,26,PEK→JFK,2026-07-01,Cathay Pacific,2026-07-01 10:00,2026-07-01 20:35,1355,1,1040,650
2026-05-02 13:27:05,26,PEK→JFK,2026-07-01,Cathay Pacific,2026-07-01 19:40,2026-07-02 06:00,1340,1,1040,650
2026-05-02 14:55:57,27,PEK→JFK,2026-07-01,Asiana Airlines,2026-07-01 15:30,2026-07-01 23:00,1170,1,650,650
2026-05-02 14:55:57,27,PEK→JFK,2026-07-01,Asiana Airlines,2026-07-01 17:10,2026-07-02 10:00,1730,1,660,650
2026-05-02 14:55:57,27,PEK→JFK,2026-07-01,Emirates,2026-07-01 00:40,2026-07-01 14:25,1545,1,843,650
2026-05-02 14:55:57,27,PEK→JFK,2026-07-01,Korean Air,2026-07-01 13:30,2026-07-01 21:00,1170,1,1003,650
2026-05-02 14:55:57,27,PEK→JFK,2026-07-01,Cathay Pacific,2026-07-01 03:15,2026-07-01 13:10,1315,1,1040,650
2026-05-02 14:55:57,27,PEK→JFK,2026-07-01,Korean Air,2026-07-01 01:30,2026-07-01 23:00,2010,1,889,650
2026-05-02 14:55:57,27,PEK→JFK,2026-07-01,Korean Air,2026-07-01 01:30,2026-07-01 10:00,1230,1,1018,650
2026-05-02 14:55:57,27,PEK→JFK,2026-07-01,Cathay Pacific,2026-07-01 10:00,2026-07-01 20:35,1355,1,1040,650
2026-05-02 14:55:57,27,PEK→JFK,2026-07-01,Cathay Pacific,2026-07-01 19:40,2026-07-02 06:00,1340,1,1040,650
2026-05-02 15:55:39,28,PEK→JFK,2026-07-01,Asiana Airlines,2026-07-01 15:30,2026-07-01 23:00,1170,1,650,650
2026-05-02 15:55:39,28,PEK→JFK,2026-07-01,Asiana Airlines,2026-07-01 17:10,2026-07-02 10:00,1730,1,660,650
2026-05-02 15:55:39,28,PEK→JFK,2026-07-01,Emirates,2026-07-01 00:40,2026-07-01 14:25,1545,1,843,650
2026-05-02 15:55:39,28,PEK→JFK,2026-07-01,Korean Air,2026-07-01 13:30,2026-07-01 21:00,1170,1,1003,650
2026-05-02 15:55:39,28,PEK→JFK,2026-07-01,Cathay Pacific,2026-07-01 03:15,2026-07-01 13:10,1315,1,1040,650
2026-05-02 15:55:39,28,PEK→JFK,2026-07-01,Korean Air,2026-07-01 01:30,2026-07-01 23:00,2010,1,889,650
2026-05-02 15:55:39,28,PEK→JFK,2026-07-01,Korean Air,2026-07-01 01:30,2026-07-01 10:00,1230,1,1018,650
2026-05-02 15:55:39,28,PEK→JFK,2026-07-01,Cathay Pacific,2026-07-01 10:00,2026-07-01 20:35,1355,1,1040,650
2026-05-02 15:55:39,28,PEK→JFK,2026-07-01,Cathay Pacific,2026-07-01 19:40,2026-07-02 06:00,1340,1,1040,650
2026-05-02 16:59:52,29,PEK→JFK,2026-07-01,Asiana Airlines,2026-07-01 15:30,2026-07-01 23:00,1170,1,650,650
2026-05-02 16:59:52,29,PEK→JFK,2026-07-01,Asiana Airlines,2026-07-01 17:10,2026-07-02 10:00,1730,1,660,650
2026-05-02 16:59:52,29,PEK→JFK,2026-07-01,Emirates,2026-07-01 00:40,2026-07-01 14:25,1545,1,843,650
2026-05-02 16:59:52,29,PEK→JFK,2026-07-01,Korean Air,2026-07-01 13:30,2026-07-01 21:00,1170,1,1003,650
2026-05-02 16:59:52,29,PEK→JFK,2026-07-01,Cathay Pacific,2026-07-01 03:15,2026-07-01 13:10,1315,1,1040,650
2026-05-02 16:59:52,29,PEK→JFK,2026-07-01,Korean Air,2026-07-01 01:30,2026-07-01 23:00,2010,1,889,650
2026-05-02 16:59:52,29,PEK→JFK,2026-07-01,Korean Air,2026-07-01 01:30,2026-07-01 10:00,1230,1,1018,650
2026-05-02 16:59:52,29,PEK→JFK,2026-07-01,Cathay Pacific,2026-07-01 10:00,2026-07-01 20:35,1355,1,1040,650
2026-05-02 16:59:52,29,PEK→JFK,2026-07-01,Cathay Pacific,2026-07-01 19:40,2026-07-02 06:00,1340,1,1040,650
2026-05-02 17:58:15,30,PEK→JFK,2026-07-01,Asiana Airlines,2026-07-01 15:30,2026-07-01 23:00,1170,1,650,650
2026-05-02 17:58:15,30,PEK→JFK,2026-07-01,Asiana Airlines,2026-07-01 17:10,2026-07-02 10:00,1730,1,660,650
2026-05-02 17:58:15,30,PEK→JFK,2026-07-01,Emirates,2026-07-01 00:40,2026-07-01 14:25,1545,1,843,650
2026-05-02 17:58:15,30,PEK→JFK,2026-07-01,Korean Air,2026-07-01 13:30,2026-07-01 21:00,1170,1,1003,650
2026-05-02 17:58:15,30,PEK→JFK,2026-07-01,Cathay Pacific,2026-07-01 03:15,2026-07-01 13:10,1315,1,1040,650
2026-05-02 17:58:15,30,PEK→JFK,2026-07-01,Korean Air,2026-07-01 01:30,2026-07-01 23:00,2010,1,889,650
2026-05-02 17:58:15,30,PEK→JFK,2026-07-01,Korean Air,2026-07-01 01:30,2026-07-01 10:00,1230,1,1018,650
2026-05-02 17:58:15,30,PEK→JFK,2026-07-01,Cathay Pacific,2026-07-01 10:00,2026-07-01 20:35,1355,1,1040,650
2026-05-02 17:58:15,30,PEK→JFK,2026-07-01,Cathay Pacific,2026-07-01 19:40,2026-07-02 06:00,1340,1,1040,650
2026-05-02 19:13:46,31,PEK→JFK,2026-07-01,Asiana Airlines,2026-07-01 15:30,2026-07-01 23:00,1170,1,650,650
2026-05-02 19:13:46,31,PEK→JFK,2026-07-01,Asiana Airlines,2026-07-01 17:10,2026-07-02 10:00,1730,1,660,650
2026-05-02 19:13:46,31,PEK→JFK,2026-07-01,Emirates,2026-07-01 00:40,2026-07-01 14:25,1545,1,843,650
2026-05-02 19:13:46,31,PEK→JFK,2026-07-01,Korean Air,2026-07-01 13:30,2026-07-01 21:00,1170,1,1003,650
2026-05-02 19:13:46,31,PEK→JFK,2026-07-01,Cathay Pacific,2026-07-01 03:15,2026-07-01 13:10,1315,1,1040,650
2026-05-02 19:13:46,31,PEK→JFK,2026-07-01,Korean Air,2026-07-01 01:30,2026-07-01 23:00,2010,1,889,650
2026-05-02 19:13:46,31,PEK→JFK,2026-07-01,Korean Air,2026-07-01 01:30,2026-07-01 10:00,1230,1,1018,650
2026-05-02 19:13:46,31,PEK→JFK,2026-07-01,Cathay Pacific,2026-07-01 10:00,2026-07-01 20:35,1355,1,1040,650
2026-05-02 19:13:46,31,PEK→JFK,2026-07-01,Cathay Pacific,2026-07-01 19:40,2026-07-02 06:00,1340,1,1040,650
2026-05-02 20:52:10,32,PEK→JFK,2026-07-01,Asiana Airlines,2026-07-01 15:30,2026-07-01 23:00,1170,1,650,650
2026-05-02 20:52:10,32,PEK→JFK,2026-07-01,Asiana Airlines,2026-07-01 17:10,2026-07-02 10:00,1730,1,660,650
2026-05-02 20:52:10,32,PEK→JFK,2026-07-01,Emirates,2026-07-01 00:40,2026-07-01 14:25,1545,1,843,650
2026-05-02 20:52:10,32,PEK→JFK,2026-07-01,Korean Air,2026-07-01 13:30,2026-07-01 21:00,1170,1,1003,650
2026-05-02 20:52:10,32,PEK→JFK,2026-07-01,Cathay Pacific,2026-07-01 03:15,2026-07-01 13:10,1315,1,1040,650
2026-05-02 20:52:10,32,PEK→JFK,2026-07-01,Korean Air,2026-07-01 01:30,2026-07-01 23:00,2010,1,889,650
2026-05-02 20:52:10,32,PEK→JFK,2026-07-01,Korean Air,2026-07-01 01:30,2026-07-01 10:00,1230,1,1018,650
2026-05-02 20:52:10,32,PEK→JFK,2026-07-01,Cathay Pacific,2026-07-01 10:00,2026-07-01 20:35,1355,1,1040,650
2026-05-02 20:52:10,32,PEK→JFK,2026-07-01,Cathay Pacific,2026-07-01 19:40,2026-07-02 06:00,1340,1,1040,650
2026-05-02 21:51:44,33,PEK→JFK,2026-07-01,Asiana Airlines,2026-07-01 15:30,2026-07-01 23:00,1170,1,650,650
2026-05-02 21:51:44,33,PEK→JFK,2026-07-01,Asiana Airlines,2026-07-01 17:10,2026-07-02 10:00,1730,1,660,650
2026-05-02 21:51:44,33,PEK→JFK,2026-07-01,Emirates,2026-07-01 00:40,2026-07-01 14:25,1545,1,843,650
2026-05-02 21:51:44,33,PEK→JFK,2026-07-01,Korean Air,2026-07-01 13:30,2026-07-01 21:00,1170,1,1003,650
2026-05-02 21:51:44,33,PEK→JFK,2026-07-01,Cathay Pacific,2026-07-01 03:15,2026-07-01 13:10,1315,1,1040,650
2026-05-02 21:51:44,33,PEK→JFK,2026-07-01,Korean Air,2026-07-01 01:30,2026-07-01 23:00,2010,1,889,650
2026-05-02 21:51:44,33,PEK→JFK,2026-07-01,Korean Air,2026-07-01 01:30,2026-07-01 10:00,1230,1,1018,650
2026-05-02 21:51:44,33,PEK→JFK,2026-07-01,Cathay Pacific,2026-07-01 10:00,2026-07-01 20:35,1355,1,1040,650
2026-05-02 21:51:44,33,PEK→JFK,2026-07-01,Cathay Pacific,2026-07-01 19:40,2026-07-02 06:00,1340,1,1040,650
2026-05-02 22:52:41,34,PEK→JFK,2026-07-01,Asiana Airlines,2026-07-01 15:30,2026-07-01 23:00,1170,1,650,650
2026-05-02 22:52:41,34,PEK→JFK,2026-07-01,Asiana Airlines,2026-07-01 17:10,2026-07-02 10:00,1730,1,660,650
2026-05-02 22:52:41,34,PEK→JFK,2026-07-01,Emirates,2026-07-01 00:40,2026-07-01 14:25,1545,1,843,650
2026-05-02 22:52:41,34,PEK→JFK,2026-07-01,Korean Air,2026-07-01 13:30,2026-07-01 21:00,1170,1,1003,650
2026-05-02 22:52:41,34,PEK→JFK,2026-07-01,Cathay Pacific,2026-07-01 03:15,2026-07-01 13:10,1315,1,1040,650
2026-05-02 22:52:41,34,PEK→JFK,2026-07-01,Korean Air,2026-07-01 01:30,2026-07-01 23:00,2010,1,889,650
2026-05-02 22:52:41,34,PEK→JFK,2026-07-01,Korean Air,2026-07-01 01:30,2026-07-01 10:00,1230,1,1018,650
2026-05-02 22:52:41,34,PEK→JFK,2026-07-01,Cathay Pacific,2026-07-01 10:00,2026-07-01 20:35,1355,1,1040,650
2026-05-02 22:52:41,34,PEK→JFK,2026-07-01,Cathay Pacific,2026-07-01 19:40,2026-07-02 06:00,1340,1,1040,650
2026-05-02 23:53:53,35,PEK→JFK,2026-07-01,Asiana Airlines,2026-07-01 15:30,2026-07-01 23:00,1170,1,650,650
2026-05-02 23:53:53,35,PEK→JFK,2026-07-01,Asiana Airlines,2026-07-01 17:10,2026-07-02 10:00,1730,1,660,650
2026-05-02 23:53:53,35,PEK→JFK,2026-07-01,Emirates,2026-07-01 00:40,2026-07-01 14:25,1545,1,843,650
2026-05-02 23:53:53,35,PEK→JFK,2026-07-01,Korean Air,2026-07-01 13:30,2026-07-01 21:00,1170,1,1003,650
2026-05-02 23:53:53,35,PEK→JFK,2026-07-01,Cathay Pacific,2026-07-01 03:15,2026-07-01 13:10,1315,1,1040,650
2026-05-02 23:53:53,35,PEK→JFK,2026-07-01,Korean Air,2026-07-01 01:30,2026-07-01 23:00,2010,1,889,650
2026-05-02 23:53:53,35,PEK→JFK,2026-07-01,Korean Air,2026-07-01 01:30,2026-07-01 10:00,1230,1,1018,650
2026-05-02 23:53:53,35,PEK→JFK,2026-07-01,Cathay Pacific,2026-07-01 10:00,2026-07-01 20:35,1355,1,1040,650
2026-05-02 23:53:53,35,PEK→JFK,2026-07-01,Cathay Pacific,2026-07-01 19:40,2026-07-02 06:00,1340,1,1040,650
2026-05-03 03:56:15,36,PEK→JFK,2026-07-01,Asiana Airlines,2026-07-01 15:30,2026-07-01 23:00,1170,1,650,650
2026-05-03 03:56:15,36,PEK→JFK,2026-07-01,Asiana Airlines,2026-07-01 17:10,2026-07-02 10:00,1730,1,660,650
2026-05-03 03:56:15,36,PEK→JFK,2026-07-01,Emirates,2026-07-01 00:40,2026-07-01 14:25,1545,1,843,650
2026-05-03 03:56:15,36,PEK→JFK,2026-07-01,Korean Air,2026-07-01 13:30,2026-07-01 21:00,1170,1,1003,650
2026-05-03 03:56:15,36,PEK→JFK,2026-07-01,Cathay Pacific,2026-07-01 03:15,2026-07-01 13:10,1315,1,1040,650
2026-05-03 03:56:15,36,PEK→JFK,2026-07-01,Emirates,2026-07-01 07:25,2026-07-02 08:50,2245,1,761,650
2026-05-03 03:56:15,36,PEK→JFK,2026-07-01,Korean Air,2026-07-01 01:30,2026-07-01 23:00,2010,1,889,650
2026-05-03 03:56:15,36,PEK→JFK,2026-07-01,Korean Air,2026-07-01 01:30,2026-07-01 10:00,1230,1,1018,650
2026-05-03 03:56:15,36,PEK→JFK,2026-07-01,Cathay Pacific,2026-07-01 10:00,2026-07-01 20:35,1355,1,1040,650
2026-05-03 03:56:15,36,PEK→JFK,2026-07-01,Cathay Pacific,2026-07-01 19:40,2026-07-02 06:00,1340,1,1040,650
2026-05-03 06:33:10,37,PEK→JFK,2026-07-01,Asiana Airlines,2026-07-01 15:30,2026-07-01 23:00,1170,1,650,650
2026-05-03 06:33:10,37,PEK→JFK,2026-07-01,Cathay Pacific,2026-07-01 03:15,2026-07-01 13:10,1315,1,1040,650
2026-05-03 06:33:10,37,PEK→JFK,2026-07-01,Turkish Airlines,2026-07-01 06:45,2026-07-01 17:55,1390,1,1052,650
2026-05-03 06:33:10,37,PEK→JFK,2026-07-01,Asiana Airlines,2026-07-01 17:10,2026-07-02 10:00,1730,1,660,650
2026-05-03 06:33:10,37,PEK→JFK,2026-07-01,Emirates,2026-07-01 07:25,2026-07-02 08:50,2245,1,761,650
2026-05-03 06:33:10,37,PEK→JFK,2026-07-01,Emirates,2026-07-01 00:40,2026-07-01 14:25,1545,1,843,650
2026-05-03 06:33:10,37,PEK→JFK,2026-07-01,Korean Air,2026-07-01 01:30,2026-07-01 23:00,2010,1,889,650
2026-05-03 06:33:10,37,PEK→JFK,2026-07-01,Korean Air,2026-07-01 01:30,2026-07-01 10:00,1230,1,1018,650
2026-05-03 06:33:10,37,PEK→JFK,2026-07-01,Cathay Pacific,2026-07-01 10:00,2026-07-01 20:35,1355,1,1040,650
2026-05-03 06:33:10,37,PEK→JFK,2026-07-01,Cathay Pacific,2026-07-01 19:40,2026-07-02 06:00,1340,1,1040,650
2026-05-03 06:33:10,37,PEK→JFK,2026-07-01,Korean Air,2026-07-01 13:30,2026-07-01 21:00,1170,1,1315,650
2026-05-03 08:51:48,38,PEK→JFK,2026-07-01,Asiana Airlines,2026-07-01 15:30,2026-07-01 23:00,1170,1,650,650
2026-05-03 08:51:48,38,PEK→JFK,2026-07-01,Cathay Pacific,2026-07-01 03:15,2026-07-01 13:10,1315,1,1040,650
2026-05-03 08:51:48,38,PEK→JFK,2026-07-01,Turkish Airlines,2026-07-01 06:45,2026-07-01 17:55,1390,1,1052,650
2026-05-03 08:51:48,38,PEK→JFK,2026-07-01,Asiana Airlines,2026-07-01 17:10,2026-07-02 10:00,1730,1,660,650
2026-05-03 08:51:48,38,PEK→JFK,2026-07-01,Emirates,2026-07-01 07:25,2026-07-02 08:50,2245,1,761,650
2026-05-03 08:51:48,38,PEK→JFK,2026-07-01,Emirates,2026-07-01 00:40,2026-07-01 14:25,1545,1,843,650
2026-05-03 08:51:48,38,PEK→JFK,2026-07-01,Korean Air,2026-07-01 01:30,2026-07-01 23:00,2010,1,889,650
2026-05-03 08:51:48,38,PEK→JFK,2026-07-01,Korean Air,2026-07-01 01:30,2026-07-01 10:00,1230,1,1018,650
2026-05-03 08:51:48,38,PEK→JFK,2026-07-01,Cathay Pacific,2026-07-01 10:00,2026-07-01 20:35,1355,1,1040,650
2026-05-03 08:51:48,38,PEK→JFK,2026-07-01,Cathay Pacific,2026-07-01 19:40,2026-07-02 06:00,1340,1,1040,650
2026-05-03 08:51:48,38,PEK→JFK,2026-07-01,Korean Air,2026-07-01 13:30,2026-07-01 21:00,1170,1,1315,650
2026-05-03 10:11:43,39,PEK→JFK,2026-07-01,Asiana Airlines,2026-07-01 15:30,2026-07-01 23:00,1170,1,650,650
2026-05-03 10:11:43,39,PEK→JFK,2026-07-01,Cathay Pacific,2026-07-01 03:15,2026-07-01 13:10,1315,1,1040,650
2026-05-03 10:11:43,39,PEK→JFK,2026-07-01,Turkish Airlines,2026-07-01 06:45,2026-07-01 17:55,1390,1,1052,650
2026-05-03 10:11:43,39,PEK→JFK,2026-07-01,Asiana Airlines,2026-07-01 17:10,2026-07-02 10:00,1730,1,660,650
2026-05-03 10:11:43,39,PEK→JFK,2026-07-01,Emirates,2026-07-01 07:25,2026-07-02 08:50,2245,1,761,650
2026-05-03 10:11:43,39,PEK→JFK,2026-07-01,Emirates,2026-07-01 00:40,2026-07-01 14:25,1545,1,843,650
2026-05-03 10:11:43,39,PEK→JFK,2026-07-01,Korean Air,2026-07-01 01:30,2026-07-01 23:00,2010,1,889,650
2026-05-03 10:11:43,39,PEK→JFK,2026-07-01,Korean Air,2026-07-01 01:30,2026-07-01 10:00,1230,1,1018,650
2026-05-03 10:11:43,39,PEK→JFK,2026-07-01,Cathay Pacific,2026-07-01 10:00,2026-07-01 20:35,1355,1,1040,650
2026-05-03 10:11:43,39,PEK→JFK,2026-07-01,Cathay Pacific,2026-07-01 19:40,2026-07-02 06:00,1340,1,1040,650
2026-05-03 10:11:43,39,PEK→JFK,2026-07-01,Korean Air,2026-07-01 13:30,2026-07-01 21:00,1170,1,1315,650
2026-05-03 11:51:20,40,PEK→JFK,2026-07-01,Asiana Airlines,2026-07-01 15:30,2026-07-01 23:00,1170,1,650,650
2026-05-03 11:51:20,40,PEK→JFK,2026-07-01,Cathay Pacific,2026-07-01 03:15,2026-07-01 13:10,1315,1,1040,650
2026-05-03 11:51:20,40,PEK→JFK,2026-07-01,Turkish Airlines,2026-07-01 06:45,2026-07-01 17:55,1390,1,1052,650
2026-05-03 11:51:20,40,PEK→JFK,2026-07-01,Asiana Airlines,2026-07-01 17:10,2026-07-02 10:00,1730,1,660,650
2026-05-03 11:51:20,40,PEK→JFK,2026-07-01,Emirates,2026-07-01 07:25,2026-07-02 08:50,2245,1,761,650
2026-05-03 11:51:20,40,PEK→JFK,2026-07-01,Emirates,2026-07-01 00:40,2026-07-01 14:25,1545,1,843,650
2026-05-03 11:51:20,40,PEK→JFK,2026-07-01,Korean Air,2026-07-01 01:30,2026-07-01 23:00,2010,1,889,650
2026-05-03 11:51:20,40,PEK→JFK,2026-07-01,Korean Air,2026-07-01 01:30,2026-07-01 10:00,1230,1,1018,650
2026-05-03 11:51:20,40,PEK→JFK,2026-07-01,Cathay Pacific,2026-07-01 10:00,2026-07-01 20:35,1355,1,1040,650
2026-05-03 11:51:20,40,PEK→JFK,2026-07-01,Cathay Pacific,2026-07-01 19:40,2026-07-02 06:00,1340,1,1040,650
2026-05-03 11:51:20,40,PEK→JFK,2026-07-01,Korean Air,2026-07-01 13:30,2026-07-01 21:00,1170,1,1315,650
2026-05-03 13:27:20,41,PEK→JFK,2026-07-01,Asiana Airlines,2026-07-01 15:30,2026-07-01 23:00,1170,1,650,650
2026-05-03 13:27:20,41,PEK→JFK,2026-07-01,Cathay Pacific,2026-07-01 03:15,2026-07-01 13:10,1315,1,1040,650
2026-05-03 13:27:20,41,PEK→JFK,2026-07-01,Turkish Airlines,2026-07-01 06:45,2026-07-01 17:55,1390,1,1052,650
2026-05-03 13:27:20,41,PEK→JFK,2026-07-01,Asiana Airlines,2026-07-01 17:10,2026-07-02 10:00,1730,1,660,650
2026-05-03 13:27:20,41,PEK→JFK,2026-07-01,Emirates,2026-07-01 07:25,2026-07-02 08:50,2245,1,761,650
2026-05-03 13:27:20,41,PEK→JFK,2026-07-01,Emirates,2026-07-01 00:40,2026-07-01 14:25,1545,1,843,650
2026-05-03 13:27:20,41,PEK→JFK,2026-07-01,Korean Air,2026-07-01 01:30,2026-07-01 23:00,2010,1,889,650
2026-05-03 13:27:20,41,PEK→JFK,2026-07-01,Korean Air,2026-07-01 01:30,2026-07-01 10:00,1230,1,1018,650
2026-05-03 13:27:20,41,PEK→JFK,2026-07-01,Cathay Pacific,2026-07-01 10:00,2026-07-01 20:35,1355,1,1040,650
2026-05-03 13:27:20,41,PEK→JFK,2026-07-01,Cathay Pacific,2026-07-01 19:40,2026-07-02 06:00,1340,1,1040,650
2026-05-03 13:27:20,41,PEK→JFK,2026-07-01,Korean Air,2026-07-01 13:30,2026-07-01 21:00,1170,1,1315,650
2026-05-03 14:55:25,42,PEK→JFK,2026-07-01,Asiana Airlines,2026-07-01 15:30,2026-07-01 23:00,1170,1,650,650
2026-05-03 14:55:25,42,PEK→JFK,2026-07-01,Cathay Pacific,2026-07-01 03:15,2026-07-01 13:10,1315,1,1040,650
2026-05-03 14:55:25,42,PEK→JFK,2026-07-01,Turkish Airlines,2026-07-01 06:45,2026-07-01 17:55,1390,1,1052,650
2026-05-03 14:55:25,42,PEK→JFK,2026-07-01,Asiana Airlines,2026-07-01 17:10,2026-07-02 10:00,1730,1,660,650
2026-05-03 14:55:25,42,PEK→JFK,2026-07-01,Emirates,2026-07-01 07:25,2026-07-02 08:50,2245,1,761,650
2026-05-03 14:55:25,42,PEK→JFK,2026-07-01,Emirates,2026-07-01 00:40,2026-07-01 14:25,1545,1,843,650
2026-05-03 14:55:25,42,PEK→JFK,2026-07-01,Korean Air,2026-07-01 01:30,2026-07-01 23:00,2010,1,889,650
2026-05-03 14:55:25,42,PEK→JFK,2026-07-01,Korean Air,2026-07-01 01:30,2026-07-01 10:00,1230,1,1018,650
2026-05-03 14:55:25,42,PEK→JFK,2026-07-01,Cathay Pacific,2026-07-01 10:00,2026-07-01 20:35,1355,1,1040,650
2026-05-03 14:55:25,42,PEK→JFK,2026-07-01,Cathay Pacific,2026-07-01 19:40,2026-07-02 06:00,1340,1,1040,650
2026-05-03 14:55:25,42,PEK→JFK,2026-07-01,Korean Air,2026-07-01 13:30,2026-07-01 21:00,1170,1,1315,650
2026-05-03 15:55:38,43,PEK→JFK,2026-07-01,Asiana Airlines,2026-07-01 15:30,2026-07-02 10:00,1830,1,650,650
2026-05-03 15:55:38,43,PEK→JFK,2026-07-01,Asiana Airlines,2026-07-01 15:30,2026-07-01 23:00,1170,1,844,650
2026-05-03 15:55:38,43,PEK→JFK,2026-07-01,Cathay Pacific,2026-07-01 03:15,2026-07-01 13:10,1315,1,1040,650
2026-05-03 15:55:38,43,PEK→JFK,2026-07-01,Asiana Airlines,2026-07-01 17:10,2026-07-02 10:00,1730,1,660,650
2026-05-03 15:55:38,43,PEK→JFK,2026-07-01,Emirates,2026-07-01 07:25,2026-07-02 08:50,2245,1,761,650
2026-05-03 15:55:38,43,PEK→JFK,2026-07-01,Korean Air,2026-07-01 01:30,2026-07-01 23:00,2010,1,889,650
2026-05-03 15:55:38,43,PEK→JFK,2026-07-01,Korean Air,2026-07-01 01:30,2026-07-01 10:00,1230,1,1018,650
2026-05-03 15:55:38,43,PEK→JFK,2026-07-01,Cathay Pacific,2026-07-01 10:00,2026-07-01 20:35,1355,1,1040,650
2026-05-03 15:55:38,43,PEK→JFK,2026-07-01,Cathay Pacific,2026-07-01 19:40,2026-07-02 06:00,1340,1,1040,650
2026-05-03 15:55:38,43,PEK→JFK,2026-07-01,Turkish Airlines,2026-07-01 06:45,2026-07-01 17:55,1390,1,1052,650
2026-05-03 15:55:38,43,PEK→JFK,2026-07-01,Korean Air,2026-07-01 13:30,2026-07-01 21:00,1170,1,1315,650
2026-05-03 17:00:39,44,PEK→JFK,2026-07-01,Asiana Airlines,2026-07-01 15:30,2026-07-02 10:00,1830,1,650,650
2026-05-03 17:00:39,44,PEK→JFK,2026-07-01,Asiana Airlines,2026-07-01 15:30,2026-07-01 23:00,1170,1,844,650
2026-05-03 17:00:39,44,PEK→JFK,2026-07-01,Cathay Pacific,2026-07-01 03:15,2026-07-01 13:10,1315,1,1040,650
2026-05-03 17:00:39,44,PEK→JFK,2026-07-01,Asiana Airlines,2026-07-01 17:10,2026-07-02 10:00,1730,1,660,650
2026-05-03 17:00:39,44,PEK→JFK,2026-07-01,Emirates,2026-07-01 07:25,2026-07-02 08:50,2245,1,761,650
2026-05-03 17:00:39,44,PEK→JFK,2026-07-01,Korean Air,2026-07-01 01:30,2026-07-01 23:00,2010,1,889,650
2026-05-03 17:00:39,44,PEK→JFK,2026-07-01,Korean Air,2026-07-01 01:30,2026-07-01 10:00,1230,1,1018,650
2026-05-03 17:00:39,44,PEK→JFK,2026-07-01,Cathay Pacific,2026-07-01 10:00,2026-07-01 20:35,1355,1,1040,650
2026-05-03 17:00:39,44,PEK→JFK,2026-07-01,Cathay Pacific,2026-07-01 19:40,2026-07-02 06:00,1340,1,1040,650
2026-05-03 17:00:39,44,PEK→JFK,2026-07-01,Turkish Airlines,2026-07-01 06:45,2026-07-01 17:55,1390,1,1052,650
2026-05-03 17:00:39,44,PEK→JFK,2026-07-01,Korean Air,2026-07-01 13:30,2026-07-01 21:00,1170,1,1315,650
2026-05-03 19:10:02,45,PEK→JFK,2026-07-01,Asiana Airlines,2026-07-01 15:30,2026-07-02 10:00,1830,1,650,650
2026-05-03 19:10:02,45,PEK→JFK,2026-07-01,Asiana Airlines,2026-07-01 15:30,2026-07-01 23:00,1170,1,844,650
2026-05-03 19:10:02,45,PEK→JFK,2026-07-01,Cathay Pacific,2026-07-01 03:15,2026-07-01 13:10,1315,1,1040,650
2026-05-03 19:10:02,45,PEK→JFK,2026-07-01,Asiana Airlines,2026-07-01 17:10,2026-07-02 10:00,1730,1,660,650
2026-05-03 19:10:02,45,PEK→JFK,2026-07-01,Emirates,2026-07-01 00:40,2026-07-01 14:25,1545,1,843,650
2026-05-03 19:10:02,45,PEK→JFK,2026-07-01,Korean Air,2026-07-01 01:30,2026-07-01 23:00,2010,1,889,650
2026-05-03 19:10:02,45,PEK→JFK,2026-07-01,Korean Air,2026-07-01 01:30,2026-07-01 10:00,1230,1,1018,650
2026-05-03 19:10:02,45,PEK→JFK,2026-07-01,Cathay Pacific,2026-07-01 10:00,2026-07-01 20:35,1355,1,1040,650
2026-05-03 19:10:02,45,PEK→JFK,2026-07-01,Cathay Pacific,2026-07-01 19:40,2026-07-02 06:00,1340,1,1040,650
2026-05-03 19:10:02,45,PEK→JFK,2026-07-01,Turkish Airlines,2026-07-01 06:45,2026-07-01 17:55,1390,1,1052,650
2026-05-03 19:10:02,45,PEK→JFK,2026-07-01,Korean Air,2026-07-01 13:30,2026-07-01 21:00,1170,1,1315,650
2026-05-03 20:54:26,46,PEK→JFK,2026-07-01,Asiana Airlines,2026-07-01 15:30,2026-07-02 10:00,1830,1,650,650
2026-05-03 20:54:26,46,PEK→JFK,2026-07-01,Asiana Airlines,2026-07-01 15:30,2026-07-01 23:00,1170,1,844,650
2026-05-03 20:54:26,46,PEK→JFK,2026-07-01,Cathay Pacific,2026-07-01 03:15,2026-07-01 13:10,1315,1,1040,650
2026-05-03 20:54:26,46,PEK→JFK,2026-07-01,Asiana Airlines,2026-07-01 17:10,2026-07-02 10:00,1730,1,660,650
2026-05-03 20:54:26,46,PEK→JFK,2026-07-01,Emirates,2026-07-01 00:40,2026-07-01 14:25,1545,1,843,650
2026-05-03 20:54:26,46,PEK→JFK,2026-07-01,Korean Air,2026-07-01 11:45,2026-07-01 23:00,1395,1,875,650
2026-05-03 20:54:26,46,PEK→JFK,2026-07-01,Korean Air,2026-07-01 01:30,2026-07-01 10:00,1230,1,1018,650
2026-05-03 20:54:26,46,PEK→JFK,2026-07-01,Cathay Pacific,2026-07-01 10:00,2026-07-01 20:35,1355,1,1040,650
2026-05-03 20:54:26,46,PEK→JFK,2026-07-01,Cathay Pacific,2026-07-01 19:40,2026-07-02 06:00,1340,1,1040,650
2026-05-03 20:54:26,46,PEK→JFK,2026-07-01,Turkish Airlines,2026-07-01 06:45,2026-07-01 17:55,1390,1,1052,650
2026-05-03 20:54:26,46,PEK→JFK,2026-07-01,Korean Air,2026-07-01 13:30,2026-07-01 21:00,1170,1,1315,650
2026-05-03 21:52:53,47,PEK→JFK,2026-07-01,Asiana Airlines,2026-07-01 15:30,2026-07-02 10:00,1830,1,650,650
2026-05-03 21:52:53,47,PEK→JFK,2026-07-01,Asiana Airlines,2026-07-01 15:30,2026-07-01 23:00,1170,1,844,650
2026-05-03 21:52:53,47,PEK→JFK,2026-07-01,Cathay Pacific,2026-07-01 03:15,2026-07-01 13:10,1315,1,1040,650
2026-05-03 21:52:53,47,PEK→JFK,2026-07-01,Asiana Airlines,2026-07-01 17:10,2026-07-02 10:00,1730,1,660,650
2026-05-03 21:52:53,47,PEK→JFK,2026-07-01,Emirates,2026-07-01 00:40,2026-07-01 14:25,1545,1,843,650
2026-05-03 21:52:53,47,PEK→JFK,2026-07-01,Korean Air,2026-07-01 11:45,2026-07-01 23:00,1395,1,875,650
2026-05-03 21:52:53,47,PEK→JFK,2026-07-01,Korean Air,2026-07-01 01:30,2026-07-01 10:00,1230,1,1018,650
2026-05-03 21:52:53,47,PEK→JFK,2026-07-01,Cathay Pacific,2026-07-01 10:00,2026-07-01 20:35,1355,1,1040,650
2026-05-03 21:52:53,47,PEK→JFK,2026-07-01,Cathay Pacific,2026-07-01 19:40,2026-07-02 06:00,1340,1,1040,650
2026-05-03 21:52:53,47,PEK→JFK,2026-07-01,Turkish Airlines,2026-07-01 06:45,2026-07-01 17:55,1390,1,1052,650
2026-05-03 21:52:53,47,PEK→JFK,2026-07-01,Korean Air,2026-07-01 13:30,2026-07-01 21:00,1170,1,1315,650
2026-05-03 22:52:56,48,PEK→JFK,2026-07-01,Asiana Airlines,2026-07-01 15:30,2026-07-02 10:00,1830,1,650,650
2026-05-03 22:52:56,48,PEK→JFK,2026-07-01,Asiana Airlines,2026-07-01 15:30,2026-07-01 23:00,1170,1,844,650
2026-05-03 22:52:56,48,PEK→JFK,2026-07-01,Cathay Pacific,2026-07-01 03:15,2026-07-01 13:10,1315,1,1040,650
2026-05-03 22:52:56,48,PEK→JFK,2026-07-01,Asiana Airlines,2026-07-01 17:10,2026-07-02 10:00,1730,1,660,650
2026-05-03 22:52:56,48,PEK→JFK,2026-07-01,Emirates,2026-07-01 00:40,2026-07-01 14:25,1545,1,843,650
2026-05-03 22:52:56,48,PEK→JFK,2026-07-01,Korean Air,2026-07-01 01:30,2026-07-01 23:00,2010,1,889,650
2026-05-03 22:52:56,48,PEK→JFK,2026-07-01,Korean Air,2026-07-01 01:30,2026-07-01 10:00,1230,1,1018,650
2026-05-03 22:52:56,48,PEK→JFK,2026-07-01,Cathay Pacific,2026-07-01 10:00,2026-07-01 20:35,1355,1,1040,650
2026-05-03 22:52:56,48,PEK→JFK,2026-07-01,Cathay Pacific,2026-07-01 19:40,2026-07-02 06:00,1340,1,1040,650
2026-05-03 22:52:56,48,PEK→JFK,2026-07-01,Turkish Airlines,2026-07-01 06:45,2026-07-01 17:55,1390,1,1052,650
2026-05-03 22:52:56,48,PEK→JFK,2026-07-01,Korean Air,2026-07-01 13:30,2026-07-01 21:00,1170,1,1315,650
2026-05-03 23:56:10,49,PEK→JFK,2026-07-01,Asiana Airlines,2026-07-01 15:30,2026-07-02 10:00,1830,1,650,650
2026-05-03 23:56:10,49,PEK→JFK,2026-07-01,Asiana Airlines,2026-07-01 15:30,2026-07-01 23:00,1170,1,844,650
2026-05-03 23:56:10,49,PEK→JFK,2026-07-01,Cathay Pacific,2026-07-01 03:15,2026-07-01 13:10,1315,1,1040,650
2026-05-03 23:56:10,49,PEK→JFK,2026-07-01,Asiana Airlines,2026-07-01 17:10,2026-07-02 10:00,1730,1,660,650
2026-05-03 23:56:10,49,PEK→JFK,2026-07-01,Emirates,2026-07-01 00:40,2026-07-01 14:25,1545,1,843,650
2026-05-03 23:56:10,49,PEK→JFK,2026-07-01,Korean Air,2026-07-01 01:30,2026-07-01 23:00,2010,1,889,650
2026-05-03 23:56:10,49,PEK→JFK,2026-07-01,Korean Air,2026-07-01 01:30,2026-07-01 10:00,1230,1,1018,650
2026-05-03 23:56:10,49,PEK→JFK,2026-07-01,Cathay Pacific,2026-07-01 10:00,2026-07-01 20:35,1355,1,1040,650
2026-05-03 23:56:10,49,PEK→JFK,2026-07-01,Cathay Pacific,2026-07-01 19:40,2026-07-02 06:00,1340,1,1040,650
2026-05-03 23:56:10,49,PEK→JFK,2026-07-01,Turkish Airlines,2026-07-01 06:45,2026-07-01 17:55,1390,1,1052,650
2026-05-03 23:56:10,49,PEK→JFK,2026-07-01,Korean Air,2026-07-01 13:30,2026-07-01 21:00,1170,1,1315,650
2026-05-04 03:59:48,50,PEK→JFK,2026-07-01,Asiana Airlines,2026-07-01 15:30,2026-07-02 10:00,1830,1,650,650
2026-05-04 03:59:48,50,PEK→JFK,2026-07-01,Asiana Airlines,2026-07-01 15:30,2026-07-01 23:00,1170,1,844,650
2026-05-04 03:59:48,50,PEK→JFK,2026-07-01,Cathay Pacific,2026-07-01 03:15,2026-07-01 13:10,1315,1,1040,650
2026-05-04 03:59:48,50,PEK→JFK,2026-07-01,Asiana Airlines,2026-07-01 17:10,2026-07-02 10:00,1730,1,660,650
2026-05-04 03:59:48,50,PEK→JFK,2026-07-01,Emirates,2026-07-01 00:40,2026-07-01 14:25,1545,1,843,650
2026-05-04 03:59:48,50,PEK→JFK,2026-07-01,Korean Air,2026-07-01 11:45,2026-07-01 23:00,1395,1,875,650
2026-05-04 03:59:48,50,PEK→JFK,2026-07-01,Korean Air,2026-07-01 01:30,2026-07-01 10:00,1230,1,1018,650
2026-05-04 03:59:48,50,PEK→JFK,2026-07-01,Cathay Pacific,2026-07-01 10:00,2026-07-01 20:35,1355,1,1040,650
2026-05-04 03:59:48,50,PEK→JFK,2026-07-01,Cathay Pacific,2026-07-01 19:40,2026-07-02 06:00,1340,1,1040,650
2026-05-04 03:59:48,50,PEK→JFK,2026-07-01,Turkish Airlines,2026-07-01 06:45,2026-07-01 17:55,1390,1,1052,650
2026-05-04 03:59:48,50,PEK→JFK,2026-07-01,Korean Air,2026-07-01 13:30,2026-07-01 21:00,1170,1,1315,650
2026-05-04 06:49:58,51,PEK→JFK,2026-07-01,Asiana Airlines,2026-07-01 15:30,2026-07-02 10:00,1830,1,650,650
2026-05-04 06:49:58,51,PEK→JFK,2026-07-01,Asiana Airlines,2026-07-01 15:30,2026-07-01 23:00,1170,1,844,650
2026-05-04 06:49:58,51,PEK→JFK,2026-07-01,Cathay Pacific,2026-07-01 10:00,2026-07-01 20:35,1355,1,1040,650
2026-05-04 06:49:58,51,PEK→JFK,2026-07-01,Korean Air,2026-07-01 13:30,2026-07-01 21:00,1170,1,1315,650
2026-05-04 06:49:58,51,PEK→JFK,2026-07-01,Asiana Airlines,2026-07-01 17:10,2026-07-02 10:00,1730,1,660,650
2026-05-04 06:49:58,51,PEK→JFK,2026-07-01,Emirates,2026-07-01 00:40,2026-07-01 14:25,1545,1,843,650
2026-05-04 06:49:58,51,PEK→JFK,2026-07-01,Korean Air,2026-07-01 01:30,2026-07-01 23:00,2010,1,889,650
2026-05-04 06:49:58,51,PEK→JFK,2026-07-01,Cathay Pacific,2026-07-01 03:15,2026-07-01 13:10,1315,1,1040,650
2026-05-04 06:49:58,51,PEK→JFK,2026-07-01,Cathay Pacific,2026-07-01 19:40,2026-07-02 06:00,1340,1,1040,650
2026-05-04 06:49:58,51,PEK→JFK,2026-07-01,Turkish Airlines,2026-07-01 06:45,2026-07-01 17:55,1390,1,1052,650
2026-05-04 09:27:08,52,PEK→JFK,2026-07-01,Asiana Airlines,2026-07-01 15:30,2026-07-02 10:00,1830,1,650,650
2026-05-04 09:27:08,52,PEK→JFK,2026-07-01,Asiana Airlines,2026-07-01 15:30,2026-07-01 23:00,1170,1,844,650
2026-05-04 09:27:08,52,PEK→JFK,2026-07-01,Cathay Pacific,2026-07-01 10:00,2026-07-01 20:35,1355,1,1040,650
2026-05-04 09:27:08,52,PEK→JFK,2026-07-01,Korean Air,2026-07-01 13:30,2026-07-01 21:00,1170,1,1315,650
2026-05-04 09:27:08,52,PEK→JFK,2026-07-01,Asiana Airlines,2026-07-01 17:10,2026-07-02 10:00,1730,1,660,650
2026-05-04 09:27:08,52,PEK→JFK,2026-07-01,Emirates,2026-07-01 00:40,2026-07-01 14:25,1545,1,843,650
2026-05-04 09:27:08,52,PEK→JFK,2026-07-01,Korean Air,2026-07-01 01:30,2026-07-01 23:00,2010,1,889,650
2026-05-04 09:27:08,52,PEK→JFK,2026-07-01,Cathay Pacific,2026-07-01 03:15,2026-07-01 13:10,1315,1,1040,650
2026-05-04 09:27:08,52,PEK→JFK,2026-07-01,Cathay Pacific,2026-07-01 19:40,2026-07-02 06:00,1340,1,1040,650
2026-05-04 09:27:08,52,PEK→JFK,2026-07-01,Turkish Airlines,2026-07-01 06:45,2026-07-01 17:55,1390,1,1052,650
2026-05-04 11:56:28,53,PEK→JFK,2026-07-01,Asiana Airlines,2026-07-01 15:30,2026-07-02 10:00,1830,1,650,650
2026-05-04 11:56:28,53,PEK→JFK,2026-07-01,Asiana Airlines,2026-07-01 15:30,2026-07-01 23:00,1170,1,844,650
2026-05-04 11:56:28,53,PEK→JFK,2026-07-01,Cathay Pacific,2026-07-01 10:00,2026-07-01 20:35,1355,1,1040,650
2026-05-04 11:56:28,53,PEK→JFK,2026-07-01,Korean Air,2026-07-01 13:30,2026-07-01 21:00,1170,1,1315,650
2026-05-04 11:56:28,53,PEK→JFK,2026-07-01,Asiana Airlines,2026-07-01 17:10,2026-07-02 10:00,1730,1,660,650
2026-05-04 11:56:28,53,PEK→JFK,2026-07-01,Emirates,2026-07-01 00:40,2026-07-01 14:25,1545,1,843,650
2026-05-04 11:56:28,53,PEK→JFK,2026-07-01,Korean Air,2026-07-01 01:30,2026-07-01 23:00,2010,1,889,650
2026-05-04 11:56:28,53,PEK→JFK,2026-07-01,Cathay Pacific,2026-07-01 03:15,2026-07-01 13:10,1315,1,1040,650
2026-05-04 11:56:28,53,PEK→JFK,2026-07-01,Cathay Pacific,2026-07-01 19:40,2026-07-02 06:00,1340,1,1040,650
2026-05-04 11:56:28,53,PEK→JFK,2026-07-01,Turkish Airlines,2026-07-01 06:45,2026-07-01 17:55,1390,1,1052,650
2026-05-04 14:23:44,54,PEK→JFK,2026-07-01,Asiana Airlines,2026-07-01 15:30,2026-07-01 23:00,1170,1,621,621
2026-05-04 14:23:44,54,PEK→JFK,2026-07-01,Cathay Pacific,2026-07-01 10:00,2026-07-01 20:35,1355,1,1040,621
2026-05-04 14:23:44,54,PEK→JFK,2026-07-01,Turkish Airlines,2026-07-01 06:45,2026-07-01 17:55,1390,1,1052,621
2026-05-04 14:23:44,54,PEK→JFK,2026-07-01,Korean Air,2026-07-01 13:30,2026-07-01 21:00,1170,1,1315,621
2026-05-04 14:23:44,54,PEK→JFK,2026-07-01,Asiana Airlines,2026-07-01 17:10,2026-07-02 10:00,1730,1,660,621
2026-05-04 14:23:44,54,PEK→JFK,2026-07-01,Emirates,2026-07-01 00:40,2026-07-01 14:25,1545,1,843,621
2026-05-04 14:23:44,54,PEK→JFK,2026-07-01,Korean Air,2026-07-01 01:30,2026-07-01 23:00,2010,1,889,621
2026-05-04 14:23:44,54,PEK→JFK,2026-07-01,Cathay Pacific,2026-07-01 03:15,2026-07-01 13:10,1315,1,1040,621
2026-05-04 14:23:44,54,PEK→JFK,2026-07-01,Cathay Pacific,2026-07-01 19:40,2026-07-02 06:00,1340,1,1040,621
2026-05-04 14:23:44,54,PEK→JFK,2026-07-01,Korean Air,2026-07-01 01:30,2026-07-01 10:00,1230,1,1041,621
2026-05-04 16:53:47,55,PEK→JFK,2026-07-01,Asiana Airlines,2026-07-01 15:30,2026-07-02 10:00,1830,1,650,650
2026-05-04 16:53:47,55,PEK→JFK,2026-07-01,Asiana Airlines,2026-07-01 15:30,2026-07-01 23:00,1170,1,844,650
2026-05-04 16:53:47,55,PEK→JFK,2026-07-01,Cathay Pacific,2026-07-01 10:00,2026-07-01 20:35,1355,1,1039,650
2026-05-04 16:53:47,55,PEK→JFK,2026-07-01,Turkish Airlines,2026-07-01 06:45,2026-07-01 17:55,1390,1,1052,650
2026-05-04 16:53:47,55,PEK→JFK,2026-07-01,Korean Air,2026-07-01 13:30,2026-07-01 21:00,1170,1,1315,650
2026-05-04 16:53:47,55,PEK→JFK,2026-07-01,Asiana Airlines,2026-07-01 17:10,2026-07-02 10:00,1730,1,660,650
2026-05-04 16:53:47,55,PEK→JFK,2026-07-01,Emirates,2026-07-01 07:25,2026-07-02 14:25,2580,1,761,650
2026-05-04 16:53:47,55,PEK→JFK,2026-07-01,Korean Air,2026-07-01 01:30,2026-07-01 23:00,2010,1,889,650
2026-05-04 16:53:47,55,PEK→JFK,2026-07-01,Cathay Pacific,2026-07-01 03:15,2026-07-01 13:10,1315,1,1039,650
2026-05-04 16:53:47,55,PEK→JFK,2026-07-01,Cathay Pacific,2026-07-01 19:40,2026-07-02 06:00,1340,1,1039,650
